162	How can I recover permanently deleted data without using any software ?

163	Any software which can delete data without giving any chance to recover data ?

164	If a polar bear and a siberian tiger fought , which would win ?
165	Who would win , a polar bear or a siberian tiger ?

166	I completed BCom , ICWA -RRB- in India and need to do CPA . Are there any courses I can take fulfill the credit requirements for CPA exam ?

167	Do Jeff Bezos , Amazon and Blue Origin stand with Donald Trump ?

168	Which are 10 best novels one should must read before die ?
169	What are the top 10 novels I should read before I die ? And why ?
40613	What novel must you read before you die ?
80396	What are the must read novels before you die ?
106864	What are the novels that one must read in their life span ?

170	What is the best treatment for hair loss ?
10462	What can we do to minimize our hair loss ?
23700	What should I do for my excessive hair loss ?
26312	What can we do for hair loss ?
26313	How should I reduce hair fall ?
45711	What 's the best treatment for hair loss ?
46812	What should do to reduce hair fall ?
46813	What can be done to stop hair loss . ?
49228	What are the best options for hair loss ?
65837	How shall I get rid of hair fall ?
65838	How can I stop my hair fall ?
72319	Is there a way to prevent hair Loss ?
72320	My hair is falling . What can I do to prevent this ?
73392	How can a teenager reduce hair fall ?
89759	What are the preventions to stop hair falls ?
89760	How do I stop male hair loss ?
93708	What should I do to stop hair fall ?
134258	My hair falling , is there anyway to stop them ?

171	What is your review of Hair Loss Treatments ?

172	How do I start a random conversation with a girl I do n't know ?
173	How do I start a conversation with a girl I do n't know ?

174	How long would it take to walk 1 meter if your body was roughly the size of an atom ?

175	If I was shrunk down to the size of an atom , how long would it take me to cover 1 meter by walking ?

34879	How do I stop my hair fall ?
161611	Heavy hair falling , what should do to stop hair fall ?

35075	How do I get rid of dandruff and hair fall ?

64085	How do I prevent hair fall and dandruff ?

168571	How can one reduce hairfall ?

261545	What is the best data recovery software to recover deleted data from a PC ?

264416	How can I reduce my hair fall and dry hair ?

275356	How to wash hair to stop hair fall ?

339226	How do I start a conversation with a girl I like ?

356789	How do I deal with dandruff and hair fall ?

457110	What is hair loss ?

493787	Why is my hair falling out and is there anything I can do to prevent this ?

510883	How can I recover deleted data from ASUS web storage ?

512605	Which henna is the best for preventing hair loss ?

